City_ID,City,Country,Date,Lat,Lng,Max Temp,Humidity,Cloudiness,Wind Speed
0,Rikitea,PF,2020-12-29 23:59:47,-23.12,-134.97,78.06,75,84,7.76
1,Mar Del Plata,AR,2020-12-29 23:58:21,-38.0,-57.56,72.0,88,0,12.75
2,Port Elizabeth,ZA,2020-12-29 23:59:48,-33.92,25.57,66.2,82,0,6.93
3,Ushuaia,AR,2020-12-29 23:59:48,-54.8,-68.3,51.8,50,75,24.16
4,Hilo,US,2020-12-29 23:59:48,19.73,-155.09,80.6,69,75,16.11
5,Bafra,TR,2020-12-29 23:55:49,41.57,35.91,39.2,80,0,4.7
6,Lompoc,US,2020-12-29 23:59:48,34.64,-120.46,62.6,45,1,10.29
7,Paka,MY,2020-12-29 23:59:49,4.64,103.44,73.4,94,20,5.08
8,Severo-Kurilsk,RU,2020-12-29 23:59:49,50.68,156.12,26.08,90,92,17.54
9,Broome,US,2020-12-29 23:59:17,42.25,-75.83,25.0,73,1,8.05
10,Nikolskoye,RU,2020-12-29 23:59:49,59.7,30.79,28.4,92,90,15.66
11,Punta Arenas,CL,2020-12-29 23:59:25,-53.15,-70.92,53.01,57,0,20.8
12,Mataura,NZ,2020-12-29 23:59:50,-46.19,168.86,62.01,71,100,5.99
13,Sao Joao Dos Patos,BR,2020-12-29 23:59:50,-6.5,-43.7,73.56,72,1,2.39
14,Saint-Philippe,RE,2020-12-29 23:59:50,-21.36,55.77,75.2,73,0,13.87
15,Husavik,IS,2020-12-29 23:59:50,66.04,-17.34,17.6,85,20,7.43
16,Albany,US,2020-12-29 23:59:51,42.6,-73.97,26.01,48,64,1.99
17,Jamestown,US,2020-12-29 23:59:51,42.1,-79.24,21.2,67,40,3.36
18,Umm Lajj,SA,2020-12-29 23:59:51,25.02,37.27,74.53,60,1,3.96
19,Kapaa,US,2020-12-29 23:59:52,22.08,-159.32,80.6,69,40,6.93
20,Carnarvon,AU,2020-12-29 23:59:52,-24.87,113.63,77.0,94,36,11.41
21,Wagar,SD,2020-12-29 23:59:52,16.15,36.2,67.89,81,0,8.41
22,Kamaishi,JP,2020-12-29 23:59:52,39.27,141.88,30.2,92,75,18.34
23,Khatanga,RU,2020-12-29 23:59:53,71.97,102.5,-31.29,84,73,8.41
24,Marrakesh,MA,2020-12-29 23:59:01,31.63,-8.01,53.6,81,40,6.93
25,Hobart,AU,2020-12-29 23:57:47,-42.88,147.33,73.0,45,40,6.93
26,Katsuura,JP,2020-12-29 23:57:37,35.13,140.3,60.8,93,75,8.05
27,Padang,ID,2020-12-29 23:59:53,-0.95,100.35,78.24,75,98,3.24
28,Pinsk,BY,2020-12-29 23:58:36,52.12,26.1,38.7,83,15,11.12
29,Dutlwe,BW,2020-12-29 23:59:54,-23.98,23.9,77.85,53,41,7.52
30,Bethel,US,2020-12-29 23:59:54,41.37,-73.41,30.2,50,1,8.05
31,Tasiilaq,GL,2020-12-29 23:59:54,65.61,-37.64,15.8,92,15,1.12
32,Sitka,US,2020-12-29 23:55:16,57.05,-135.33,46.4,61,90,20.8
33,Tonekabon,IR,2020-12-29 23:59:55,36.82,50.87,46.4,81,75,4.7
34,Palmer,US,2020-12-29 23:59:55,42.16,-72.33,27.0,38,20,14.99
35,Leeton,AU,2020-12-29 23:59:08,-34.57,146.4,86.0,44,0,10.29
36,Pangkalanbuun,ID,2020-12-29 23:59:56,-2.68,111.62,75.67,91,84,3.24
37,Nome,US,2020-12-29 23:59:56,64.5,-165.41,32.0,98,90,16.11
38,Bredasdorp,ZA,2020-12-29 23:59:56,-34.53,20.04,59.0,77,0,3.36
39,Tuatapere,NZ,2020-12-29 23:59:57,-46.13,167.68,62.01,71,98,5.99
40,Chokurdakh,RU,2020-12-29 23:59:57,70.63,147.92,-34.35,85,99,7.74
41,Dikson,RU,2020-12-29 23:59:57,73.51,80.55,-23.24,82,0,6.15
42,Svetlogorsk,BY,2020-12-29 23:59:57,52.63,29.73,33.48,93,39,7.16
43,Itacare,BR,2020-12-29 23:59:58,-14.28,-39.0,75.2,88,40,2.24
44,Umtata,ZA,2020-12-29 23:59:58,-31.59,28.78,66.2,93,100,10.29
45,Wajir,KE,2020-12-29 23:59:58,1.75,40.06,80.92,65,90,15.9
46,Touros,BR,2020-12-29 23:59:58,-5.2,-35.46,78.8,78,40,10.29
47,Port Alfred,ZA,2020-12-29 23:59:59,-33.59,26.89,66.0,89,95,1.99
48,Colac,AU,2020-12-29 23:59:59,-38.33,143.58,62.01,79,81,4.05
49,Neiafu,TO,2020-12-29 23:59:59,-18.65,-173.98,84.2,79,40,8.05
50,Nelson Bay,AU,2020-12-29 23:59:59,-32.72,152.15,75.2,78,90,10.29
51,Busselton,AU,2020-12-30 00:00:00,-33.65,115.33,73.0,65,19,3.0
52,Manjeshwar,IN,2020-12-30 00:00:00,12.72,74.89,73.4,83,0,4.74
53,Hermanus,ZA,2020-12-30 00:00:01,-34.42,19.23,62.01,82,0,4.0
54,Dasoguz,TM,2020-12-30 00:00:01,41.84,59.97,21.2,85,0,9.17
55,Longyearbyen,SJ,2020-12-30 00:00:05,78.22,15.64,30.2,80,75,9.17
56,Lavrentiya,RU,2020-12-30 00:00:08,65.58,-171.0,20.93,97,99,10.76
57,Ilo,PE,2020-12-29 23:57:26,-17.64,-71.34,68.0,82,90,13.87
58,Barrow,US,2020-12-30 00:00:17,71.29,-156.79,-7.6,76,75,14.99
59,Salalah,OM,2020-12-30 00:00:17,17.02,54.09,69.8,46,0,2.24
60,Iskandar,UZ,2020-12-30 00:00:18,41.55,69.7,28.4,100,90,2.24
61,Nakhon Ratchasima,TH,2020-12-30 00:00:19,15.0,102.17,73.0,78,61,11.41
62,Ilulissat,GL,2020-12-30 00:00:19,69.22,-51.1,19.4,52,89,26.4
63,Lazaro Cardenas,MX,2020-12-30 00:00:09,17.96,-102.2,76.06,73,0,5.75
64,Porto Walter,BR,2020-12-30 00:00:20,-8.27,-72.74,76.32,85,25,2.66
65,Tiksi,RU,2020-12-30 00:00:21,71.69,128.87,-1.66,91,99,9.95
66,Geraldton,AU,2020-12-30 00:00:21,-28.77,114.6,75.2,78,0,13.87
67,Nanortalik,GL,2020-12-30 00:00:22,60.14,-45.24,25.14,90,91,5.64
68,Cabo San Lucas,MX,2020-12-29 23:58:54,22.89,-109.91,72.0,60,5,18.34
69,Weligama,LK,2020-12-29 23:57:03,5.97,80.42,74.39,85,1,8.08
70,Cockburn Town,TC,2020-12-30 00:00:23,21.46,-71.14,77.0,69,40,8.05
71,Saskylakh,RU,2020-12-30 00:00:24,71.92,114.08,-23.69,85,99,12.39
72,Vaini,TO,2020-12-30 00:00:24,-21.2,-175.2,80.6,83,90,8.05
73,Kaitangata,NZ,2020-12-30 00:00:25,-46.28,169.85,63.0,68,100,8.99
74,Cape Town,ZA,2020-12-30 00:00:25,-33.93,18.42,64.0,82,0,9.17
75,Nikolayevskaya,RU,2020-12-30 00:00:25,47.61,41.5,29.61,96,23,10.38
76,Hithadhoo,MV,2020-12-30 00:00:26,-0.6,73.08,81.95,77,93,8.9
77,Hammerfest,NO,2020-12-30 00:00:27,70.66,23.68,33.8,74,0,26.4
78,Nishihara,JP,2020-12-30 00:00:27,26.18,127.76,60.8,63,90,34.45
79,Homer,US,2020-12-30 00:00:28,59.64,-151.55,42.8,56,90,12.75
80,Thompson,CA,2020-12-30 00:00:29,55.74,-97.86,6.8,84,75,6.93
81,Rudbar,AF,2020-12-30 00:00:29,30.15,62.6,35.65,62,7,1.63
82,Kuah,MY,2020-12-30 00:00:30,6.33,99.84,75.2,94,20,9.98
83,Ponta Do Sol,PT,2020-12-30 00:00:30,32.67,-17.1,59.0,72,75,8.05
84,San Cristobal,VE,2020-12-30 00:00:30,7.77,-72.22,77.0,73,40,9.17
85,Sur,OM,2020-12-30 00:00:31,22.57,59.53,66.74,53,0,6.55
86,Hasaki,JP,2020-12-30 00:00:31,35.73,140.83,55.4,87,75,6.93
87,New Norfolk,AU,2020-12-30 00:00:31,-42.78,147.06,73.0,46,59,1.99
88,Arraial Do Cabo,BR,2020-12-29 23:56:01,-22.97,-42.03,78.8,74,0,11.41
89,Sibolga,ID,2020-12-30 00:00:32,1.74,98.78,75.43,86,100,2.62
90,Evensk,RU,2020-12-30 00:00:32,61.95,159.23,-1.62,84,100,14.74
91,Avigliano,IT,2020-12-30 00:00:32,40.73,15.72,46.0,80,73,1.01
92,Rio Bravo,MX,2020-12-30 00:00:32,25.98,-98.1,78.8,47,5,19.57
93,Tuktoyaktuk,CA,2020-12-30 00:00:33,69.45,-133.04,-9.4,83,90,8.05
94,Poum,NC,2020-12-30 00:00:33,-20.23,164.02,81.91,79,38,23.51
95,Bluff,NZ,2020-12-30 00:00:34,-46.6,168.33,62.01,72,99,5.01
96,Georgetown,MY,2020-12-30 00:00:34,5.41,100.34,77.0,88,20,3.36
97,Jalu,LY,2020-12-30 00:00:34,29.03,21.55,53.6,53,0,9.55
98,Marawi,PH,2020-12-30 00:00:35,8.0,124.29,73.51,82,90,0.92
99,Puerto Ayora,EC,2020-12-30 00:00:35,-0.74,-90.35,73.0,92,96,7.0
100,Coahuayana,MX,2020-12-30 00:00:36,18.73,-103.68,78.8,50,5,9.17
101,Cayenne,GF,2020-12-30 00:00:36,4.93,-52.33,77.0,100,0,1.12
102,Maraa,BR,2020-12-30 00:00:37,-1.83,-65.37,71.15,98,100,3.02
103,Ribeira Grande,PT,2020-12-30 00:00:37,38.52,-28.7,58.21,71,100,11.99
104,East London,ZA,2020-12-30 00:00:37,-33.02,27.91,71.67,82,100,15.95
105,Manokwari,ID,2020-12-30 00:00:38,-0.87,134.08,83.17,71,100,1.92
106,Qaanaaq,GL,2020-12-30 00:00:38,77.48,-69.36,7.02,83,46,3.22
107,Chuy,UY,2020-12-30 00:00:38,-33.7,-53.46,69.55,86,1,8.37
108,Alofi,NU,2020-12-30 00:00:39,-19.06,-169.92,82.4,83,93,5.82
109,Karratha,AU,2020-12-30 00:00:39,-20.74,116.85,89.4,54,51,9.1
110,Atar,MR,2020-12-30 00:00:39,20.52,-13.05,69.19,34,50,2.17
111,Quiindy,PY,2020-12-30 00:00:40,-25.97,-57.27,79.48,78,28,3.0
112,Kut Chap,TH,2020-12-30 00:00:40,17.43,102.57,73.0,78,75,2.24
113,Kendari,ID,2020-12-30 00:00:13,-3.94,122.5,79.16,87,100,2.84
114,Sangar,RU,2020-12-30 00:00:40,63.92,127.47,-32.01,83,74,1.59
115,Haines Junction,CA,2020-12-30 00:00:41,60.75,-137.51,20.03,94,100,0.74
116,Ukiah,US,2020-12-30 00:00:41,39.15,-123.21,59.0,38,1,1.72
117,Kodiak,US,2020-12-30 00:00:42,57.79,-152.41,39.2,93,90,17.22
118,Yellowknife,CA,2020-12-30 00:00:42,62.46,-114.35,-2.2,77,90,3.36
119,Loncoche,CL,2020-12-30 00:00:42,-39.37,-72.63,60.8,63,40,12.75
120,Zyryanka,RU,2020-12-30 00:00:43,65.75,150.85,-32.93,83,98,11.25
121,Mandalgovi,MN,2020-12-30 00:00:43,45.76,106.27,-11.36,78,0,16.35
122,Cobija,BO,2020-12-30 00:00:43,-11.03,-68.77,74.12,96,100,1.05
123,Black River,JM,2020-12-30 00:00:44,18.03,-77.85,78.8,74,40,17.22
124,Klaksvik,FO,2020-12-30 00:00:45,62.23,-6.59,35.6,82,100,19.46
125,Marsaxlokk,MT,2020-12-30 00:00:45,35.84,14.54,60.01,77,20,10.29
126,Luanda,AO,2020-12-29 23:57:38,-8.84,13.23,78.8,83,40,8.05
127,Raudeberg,NO,2020-12-30 00:00:46,61.99,5.14,37.0,72,91,5.68
128,Lorengau,PG,2020-12-30 00:00:46,-2.02,147.27,86.32,61,19,5.59
129,Bendigo,AU,2020-12-30 00:00:46,-36.77,144.28,70.0,52,66,5.68
130,Wangaratta,AU,2020-12-30 00:00:47,-36.37,146.33,79.0,38,1,5.82
131,Tevriz,RU,2020-12-30 00:00:47,57.51,72.4,-12.42,89,100,5.86
132,Buala,SB,2020-12-30 00:00:48,-8.14,159.59,84.31,70,90,7.56
133,Mancora,PE,2020-12-30 00:00:48,-4.11,-81.05,75.94,65,30,19.84
134,High Level,CA,2020-12-30 00:00:49,58.52,-117.14,-5.8,83,75,2.24
135,Piacabucu,BR,2020-12-30 00:00:49,-10.41,-36.43,76.69,75,80,8.81
136,Puerto Carreno,CO,2020-12-30 00:00:50,6.19,-67.49,77.94,83,84,6.44
137,Yuci,CN,2020-12-30 00:00:50,37.68,112.73,3.2,31,0,11.18
138,Avarua,CK,2020-12-30 00:00:50,-21.21,-159.78,82.4,83,47,6.93
139,Victoria,HK,2020-12-30 00:00:50,22.29,114.16,57.0,61,0,3.0
140,Christchurch,NZ,2020-12-29 23:55:51,-43.53,172.63,64.0,67,60,12.75
141,Beringovskiy,RU,2020-12-30 00:00:51,63.05,179.32,21.87,98,100,12.62
142,Lata,PT,2020-12-30 00:00:51,40.16,-8.33,42.01,100,40,4.7
143,Saldanha,ZA,2020-12-30 00:00:52,-33.01,17.94,59.0,72,0,3.36
144,Broken Hill,AU,2020-12-30 00:00:52,-31.95,141.43,71.6,28,69,12.75
145,Campbell River,CA,2020-12-30 00:00:52,50.02,-125.24,41.0,100,75,10.29
146,Swarzedz,PL,2020-12-30 00:00:53,52.41,17.09,37.0,86,0,6.93
147,Grindavik,IS,2020-12-30 00:00:53,63.84,-22.43,32.0,81,75,5.82
148,San Jose,US,2020-12-30 00:00:53,37.34,-121.89,60.8,26,75,5.82
149,Banda Aceh,ID,2020-12-30 00:00:54,5.56,95.32,77.47,83,45,9.73
150,Marshall,US,2020-12-29 23:56:29,34.38,-86.33,50.0,53,1,4.7
151,Okhotsk,RU,2020-12-30 00:00:54,59.38,143.3,-6.95,84,100,12.39
152,Albina,SR,2020-12-30 00:00:55,5.5,-54.05,73.87,96,63,2.08
153,Torbay,CA,2020-12-30 00:00:55,47.67,-52.73,36.0,100,90,10.29
154,Flinders,AU,2020-12-30 00:00:55,-34.58,150.86,70.0,80,97,1.99
155,Octeville,FR,2020-12-30 00:00:56,49.63,-1.64,43.0,80,75,12.75
156,Waingapu,ID,2020-12-30 00:00:56,-9.66,120.26,81.41,70,94,5.99
157,Itarema,BR,2020-12-30 00:00:56,-2.92,-39.92,80.17,76,22,16.6
158,Hamilton,US,2020-12-30 00:00:23,39.18,-84.53,36.0,51,90,10.29
159,San Jeronimo,PE,2020-12-30 00:00:58,-11.95,-75.28,54.45,71,93,3.78
160,Sabha,LY,2020-12-30 00:00:58,27.04,14.43,54.91,38,0,9.62
161,Aykhal,RU,2020-12-30 00:00:58,66.0,111.5,-14.8,75,90,8.95
162,San Andres,CO,2020-12-30 00:00:59,12.58,-81.7,80.6,83,40,6.93
163,Santiago,CL,2020-12-29 23:59:15,-33.46,-70.65,73.4,40,20,16.11
164,Eureka,US,2020-12-29 23:58:24,40.8,-124.16,54.0,73,68,4.79
165,Kavieng,PG,2020-12-30 00:00:59,-2.57,150.8,84.67,64,98,4.45
166,Atuona,PF,2020-12-30 00:00:59,-9.8,-139.03,78.91,73,0,13.94
167,Ahipara,NZ,2020-12-30 00:01:00,-35.17,173.17,67.77,55,86,9.86
168,The Valley,AI,2020-12-30 00:01:00,18.22,-63.06,79.0,78,20,8.05
169,Mehamn,NO,2020-12-30 00:01:01,71.04,27.85,29.68,94,91,11.5
170,Honningsvag,NO,2020-12-30 00:01:01,70.98,25.97,34.92,86,82,24.23
171,La Ronge,CA,2020-12-30 00:01:01,55.1,-105.28,12.2,85,65,2.24
172,Butaritari,KI,2020-12-30 00:01:02,3.07,172.79,81.54,81,97,19.75
173,Mahebourg,MU,2020-12-30 00:01:02,-20.41,57.7,77.0,78,40,11.41
174,Pekan,MY,2020-12-30 00:00:22,3.48,103.4,73.4,94,20,7.11
175,Aleksandrovka,UA,2020-12-30 00:01:03,46.84,32.76,48.02,90,88,10.74
176,Auki,SB,2020-12-30 00:01:04,-8.77,160.7,82.87,76,93,5.41
177,Leshukonskoye,RU,2020-12-30 00:01:04,64.9,45.76,5.99,93,100,5.86
178,Saint Anthony,US,2020-12-30 00:01:05,45.02,-93.22,21.99,85,90,9.17
179,Castro,BR,2020-12-30 00:00:46,-24.79,-50.01,66.31,94,99,2.08
180,Akyab,MM,2020-12-30 00:01:05,20.15,92.9,60.78,54,0,7.18
181,Handia,IN,2020-12-29 23:56:30,25.38,82.18,50.0,93,0,3.36
182,Portland,US,2020-12-29 23:56:13,45.52,-122.68,41.0,80,90,3.36
183,Baturaja,ID,2020-12-30 00:01:06,-4.13,104.17,74.25,90,99,2.1
184,Fare,PF,2020-12-30 00:01:06,-16.7,-151.02,81.73,76,93,14.29
185,Dingle,PH,2020-12-30 00:01:07,11.0,122.67,79.25,88,73,7.11
186,Pathalgaon,IN,2020-12-30 00:01:07,22.57,83.47,55.17,68,10,3.47
187,Strezhevoy,RU,2020-12-30 00:01:07,60.73,77.59,-9.4,76,99,6.71
188,Whitley Bay,GB,2020-12-30 00:00:56,55.04,-1.45,34.0,79,94,6.93
189,Chickasha,US,2020-12-30 00:01:08,35.05,-97.94,55.4,93,90,14.99
190,Goure,NE,2020-12-30 00:01:08,13.98,10.27,69.01,19,0,5.99
191,Benguela,AO,2020-12-30 00:01:09,-12.58,13.41,77.99,77,100,6.64
192,Nan,TH,2020-12-30 00:01:09,18.83,100.67,55.4,100,0,1.12
193,Vila Velha,BR,2020-12-29 23:59:51,-20.33,-40.29,77.0,83,40,12.75
194,Antofagasta,CL,2020-12-30 00:01:09,-23.65,-70.4,69.8,73,20,9.17
195,Lazeshchyna,UA,2020-12-30 00:01:10,48.27,24.42,34.07,87,0,4.5
196,Provideniya,RU,2020-12-30 00:01:10,64.38,-173.3,26.6,86,75,17.9
197,Cumaru,BR,2020-12-30 00:01:10,-8.01,-35.7,71.4,80,98,10.47
198,Kawalu,ID,2020-12-30 00:01:10,-7.38,108.21,74.08,89,100,0.78
199,Urucurituba,BR,2020-12-30 00:01:11,-2.68,-57.67,73.15,97,98,2.75
200,Souillac,MU,2020-12-30 00:01:11,-20.52,57.52,77.0,78,40,11.41
201,Riberalta,BO,2020-12-30 00:01:12,-10.98,-66.1,78.8,83,75,11.41
202,Brightwater,NZ,2020-12-30 00:01:12,-41.38,173.12,73.99,65,29,3.0
203,San Estanislao,CO,2020-12-30 00:01:12,10.4,-75.15,82.4,74,40,8.05
204,Shimoda,JP,2020-12-30 00:01:13,34.67,138.95,59.0,93,75,3.36
205,Wellington,NZ,2020-12-29 23:56:31,-41.29,174.78,66.0,72,57,13.87
206,Bonfim,BR,2020-12-30 00:01:13,3.08,-59.95,78.71,78,81,5.7
207,Rock Sound,BS,2020-12-30 00:01:13,24.9,-76.2,73.83,72,27,27.31
208,Pacific Grove,US,2020-12-30 00:01:14,36.62,-121.92,60.01,47,1,5.82
209,Bilma,NE,2020-12-30 00:01:14,18.69,12.92,60.04,30,0,5.14
210,Maragogi,BR,2020-12-30 00:01:14,-9.01,-35.22,76.46,76,64,7.94
211,Aklavik,CA,2020-12-30 00:01:15,68.22,-135.01,-5.8,83,90,5.82
212,Norman Wells,CA,2020-12-30 00:01:15,65.28,-126.83,-7.6,83,75,5.82
213,Ullapool,GB,2020-12-30 00:01:15,57.9,-5.16,32.0,43,87,1.01
214,Gebre Guracha,ET,2020-12-30 00:01:16,9.8,38.4,51.87,63,0,3.02
215,Kunyang,CN,2020-12-30 00:01:16,27.67,120.57,37.53,75,46,12.84
216,Urumqi,CN,2020-12-29 23:58:08,43.8,87.6,-0.4,84,15,4.47
217,Turukhansk,RU,2020-12-30 00:01:16,65.82,87.98,-18.81,79,76,11.99
218,Berlevag,NO,2020-12-30 00:01:16,70.86,29.09,31.35,95,97,15.97
219,Half Moon Bay,US,2020-12-30 00:01:17,37.46,-122.43,60.8,62,1,11.41
220,Finnsnes,NO,2020-12-30 00:01:17,69.23,17.98,30.2,68,41,19.46
221,Olafsvik,IS,2020-12-30 00:01:17,64.89,-23.71,34.09,88,85,6.15
222,Venice,US,2020-12-30 00:01:18,27.1,-82.45,69.01,56,1,8.05
223,Rumia,PL,2020-12-29 23:59:19,54.57,18.39,39.99,86,90,11.41
224,Mount Gambier,AU,2020-12-30 00:01:18,-37.83,140.77,62.6,72,90,9.17
225,Kirakira,SB,2020-12-30 00:01:19,-10.45,161.92,84.06,73,64,12.62
226,Tambovka,RU,2020-12-30 00:01:19,50.1,128.05,-14.8,68,0,2.24
227,Rodrigues Alves,BR,2020-12-30 00:01:20,-7.74,-72.65,82.4,74,20,2.24
228,Kruisfontein,ZA,2020-12-30 00:01:20,-34.0,24.73,58.77,93,51,4.79
229,Buchanan,LR,2020-12-30 00:01:20,5.88,-10.05,77.0,100,40,4.7
230,Singaraja,ID,2020-12-29 23:57:37,-8.11,115.09,82.13,73,85,4.34
231,Airai,TL,2020-12-30 00:01:21,-8.93,125.41,64.0,98,100,0.2
232,Merrill,US,2020-12-30 00:01:21,45.18,-89.68,19.4,78,90,8.05
233,La Palma,US,2020-12-30 00:01:21,33.85,-118.05,64.99,34,1,3.36
234,Trinidad,BO,2020-12-30 00:01:22,-14.83,-64.9,80.6,83,40,3.36
235,Berdigestyakh,RU,2020-12-30 00:01:22,62.1,126.7,-14.66,89,100,5.5
236,Tumut,AU,2020-12-30 00:01:23,-35.3,148.22,79.66,40,2,5.64
237,Bibiani,GH,2020-12-30 00:01:23,6.46,-2.32,69.58,52,17,1.99
238,Yakeshi,CN,2020-12-30 00:01:23,49.28,120.73,-16.98,87,100,6.53
239,Saint-Louis,SN,2020-12-30 00:01:24,16.33,-15.0,80.6,39,0,2.24
240,Baiyin,CN,2020-12-30 00:01:24,36.56,104.21,12.0,70,0,2.24
241,Beloha,MG,2020-12-30 00:01:24,-25.17,45.05,78.85,67,17,10.89
242,Zhangye,CN,2020-12-30 00:01:24,38.93,100.45,3.33,84,0,2.01
243,Ugoofaaru,MV,2020-12-30 00:01:25,5.67,73.0,82.04,74,100,9.69
244,Kuusamo,FI,2020-12-30 00:01:25,65.97,29.18,21.2,92,90,10.29
245,Sioux Lookout,CA,2020-12-30 00:01:25,50.1,-91.92,15.8,78,90,10.29
246,Progreso,MX,2020-12-30 00:01:25,21.28,-89.67,80.6,47,20,9.17
247,Araceli,PH,2020-12-30 00:01:26,10.55,119.99,82.6,81,78,9.17
248,Gunjur,GM,2020-12-30 00:01:26,13.2,-16.73,73.4,78,0,9.17
249,Vaitape,PF,2020-12-30 00:01:26,-16.52,-151.75,81.59,77,84,15.39
250,Batagay-Alyta,RU,2020-12-30 00:01:26,67.8,130.41,-16.6,80,94,5.17
251,Ipixuna,BR,2020-12-30 00:01:27,-1.76,-48.8,77.0,88,0,4.7
252,Bethanien,NA,2020-12-30 00:01:27,-26.5,17.16,68.31,25,94,2.82
253,Bojnurd,IR,2020-12-30 00:01:27,37.47,57.33,10.4,85,23,2.17
254,Carauari,BR,2020-12-30 00:01:28,-4.88,-66.9,71.85,96,94,1.9
255,Hofn,IS,2020-12-30 00:01:28,64.25,-15.21,24.93,84,0,13.67
256,Elizabeth City,US,2020-12-29 23:58:28,36.29,-76.25,39.99,69,1,10.29
257,Pilar,BR,2020-12-30 00:01:29,-9.6,-35.96,73.4,83,20,4.7
258,Egvekinot,RU,2020-12-30 00:01:29,66.32,-179.17,-5.48,91,100,15.68
259,Pevek,RU,2020-12-30 00:01:29,69.7,170.31,-11.69,89,100,3.29
260,Cherskiy,RU,2020-12-30 00:01:29,68.75,161.3,-35.1,83,94,2.35
261,America Dourada,BR,2020-12-30 00:01:29,-11.46,-41.44,69.57,61,0,7.76
262,Pontes E Lacerda,BR,2020-12-30 00:01:30,-15.23,-59.34,78.17,73,79,3.06
263,Saint George,US,2020-12-30 00:00:22,37.1,-113.58,48.2,24,1,5.73
264,Constitucion,CL,2020-12-30 00:00:56,-35.33,-72.42,60.49,71,7,15.48
265,Kumluca,TR,2020-12-30 00:01:30,36.37,30.29,58.75,79,93,3.87
266,Sao Filipe,CV,2020-12-30 00:01:31,14.9,-24.5,74.86,76,90,9.37
267,Arona,ES,2020-12-30 00:01:31,28.1,-16.68,64.0,72,20,12.75
268,Mandapam,IN,2020-12-30 00:00:52,9.28,79.12,78.22,86,39,19.37
269,Miquelon,PM,2020-12-30 00:01:31,47.1,-56.38,39.6,94,100,23.55
270,Zinder,NE,2020-12-30 00:01:32,13.81,8.99,66.52,24,0,9.15
271,Chipinge,ZW,2020-12-30 00:01:32,-20.19,32.62,65.1,95,100,3.94
272,Faanui,PF,2020-12-30 00:01:32,-16.48,-151.75,80.82,78,96,14.61
273,Pallasovka,RU,2020-12-30 00:01:32,50.05,46.88,11.41,96,67,8.99
274,Porto Seguro,BR,2020-12-30 00:00:19,-16.45,-39.06,77.0,73,75,8.05
275,Shwebo,MM,2020-12-30 00:01:33,22.57,95.7,56.8,78,0,5.41
276,Isangel,VU,2020-12-30 00:01:33,-19.55,169.27,82.4,83,75,8.05
277,Karpathos,GR,2020-12-30 00:01:33,35.51,27.21,60.8,72,7,8.05
278,Kibre Mengist,ET,2020-12-30 00:01:34,5.88,38.98,56.26,81,7,2.8
279,Tutoia,BR,2020-12-30 00:01:34,-2.76,-42.27,80.26,80,1,10.56
280,Kajaani,FI,2020-12-30 00:01:34,64.23,27.73,24.8,85,90,10.29
281,Port Hedland,AU,2020-12-30 00:01:34,-20.32,118.57,87.8,74,54,9.17
282,Ayagoz,KZ,2020-12-30 00:01:34,47.97,80.44,9.19,89,100,16.46
283,Swan Hill,AU,2020-12-30 00:01:35,-35.34,143.55,73.17,39,79,9.57
284,Ungra,RO,2020-12-30 00:01:35,45.98,25.27,45.0,72,66,5.99
285,Baykit,RU,2020-12-30 00:01:35,61.67,96.37,-24.38,78,18,2.04
286,Handan,CN,2020-12-30 00:01:20,36.6,114.47,14.97,55,0,4.92
287,Honiara,SB,2020-12-30 00:01:36,-9.43,159.95,86.0,74,75,6.93
288,Leningradskiy,RU,2020-12-30 00:01:36,69.38,178.42,-9.63,89,100,1.39
289,Kurilsk,RU,2020-12-30 00:01:37,45.23,147.88,18.73,85,100,8.16
290,Amravati,IN,2020-12-30 00:01:37,20.93,77.75,59.97,65,17,6.78
291,Oranjestad,AW,2020-12-30 00:00:27,12.52,-70.03,80.6,74,20,11.41
292,Loksa,EE,2020-12-30 00:01:37,59.58,25.72,33.01,95,90,12.75
293,Sechura,PE,2020-12-30 00:01:37,-5.56,-80.82,73.18,73,24,17.22
294,Sao Joao Da Barra,BR,2020-12-30 00:01:38,-21.64,-41.05,76.06,84,79,18.39
295,Marathon,US,2020-12-30 00:01:38,44.9,-89.77,19.4,67,90,8.05
296,Saint-Augustin,CA,2020-12-30 00:01:38,51.23,-58.65,36.1,96,100,16.6
297,Teya,RU,2020-12-30 00:01:39,60.38,92.63,-21.17,81,72,3.29
298,Coquimbo,CL,2020-12-29 23:57:53,-29.95,-71.34,64.4,72,0,9.17
299,Cidreira,BR,2020-12-30 00:01:39,-30.18,-50.21,75.2,88,33,14.29
300,Adamas,GR,2020-12-30 00:01:39,36.73,24.43,59.0,77,100,5.82
301,Basco,PH,2020-12-30 00:01:39,20.45,121.97,73.27,85,98,41.63
302,Namibe,AO,2020-12-30 00:01:40,-15.2,12.15,71.8,71,99,6.8
303,Torata,PE,2020-12-30 00:01:40,-17.08,-70.84,54.34,82,100,2.84
304,Iberia,US,2020-12-30 00:01:40,29.95,-91.75,66.2,68,1,11.41
305,Harbour Breton,CA,2020-12-30 00:01:40,47.48,-55.8,37.08,94,100,17.69
306,Swift Current,CA,2020-12-30 00:00:13,50.28,-107.8,8.6,84,40,14.99
307,Bangkal,PH,2020-12-30 00:01:41,6.07,121.07,80.8,85,90,2.44
308,Leh,IN,2020-12-30 00:01:41,34.17,77.58,-3.37,63,0,2.55
309,Dhuri,IN,2020-12-29 23:57:09,30.37,75.87,40.91,69,6,4.29
310,Kiunga,PG,2020-12-30 00:00:03,-6.12,141.29,71.65,98,100,4.14
311,Gat,IL,2020-12-30 00:00:11,31.61,34.76,55.0,54,0,1.99
312,Vardo,NO,2020-12-30 00:01:42,70.37,31.11,33.57,91,99,14.92
313,Kahului,US,2020-12-30 00:00:14,20.89,-156.47,87.8,48,20,13.87
314,Palasa,IN,2020-12-30 00:01:42,18.77,84.42,64.38,71,0,4.45
315,Salme,NP,2020-12-30 00:01:43,28.04,85.09,37.4,100,20,4.34
316,Esmeraldas,BR,2020-12-29 23:56:57,-19.76,-44.31,77.0,57,20,11.41
317,Pisco,PE,2020-12-30 00:01:43,-13.7,-76.22,71.6,83,0,18.34
318,Souris,CA,2020-12-30 00:01:43,49.62,-100.26,19.4,85,90,10.29
319,The Pas,CA,2020-12-30 00:01:43,53.83,-101.25,12.2,85,90,6.93
320,Thinadhoo,MV,2020-12-30 00:01:44,0.53,72.93,82.76,71,75,7.63
321,Pangnirtung,CA,2020-12-30 00:01:44,66.15,-65.71,12.2,72,90,16.11
322,Saint-Gaudens,FR,2020-12-30 00:01:44,43.08,0.67,39.0,93,97,17.22
323,Gambo,CF,2020-12-30 00:01:44,4.65,22.26,72.12,59,95,0.45
324,Ponta Delgada,PT,2020-12-30 00:01:45,37.73,-25.67,53.6,87,75,8.05
325,Pacifica,US,2020-12-30 00:00:42,37.61,-122.49,57.0,62,1,11.41
326,Ozernovskiy,RU,2020-12-30 00:01:45,51.5,156.52,22.24,86,81,5.44
327,La Romana,DO,2020-12-30 00:00:14,18.43,-68.97,75.2,83,20,4.7
328,Felipe Carrillo Puerto,MX,2020-12-30 00:01:46,19.58,-88.05,68.5,85,15,3.58
329,Alice Springs,AU,2020-12-30 00:01:46,-23.7,133.88,80.01,19,13,14.99
330,Hastings,GB,2020-12-30 00:01:22,50.86,0.57,39.0,84,77,4.0
331,Dwarka,IN,2020-12-30 00:01:46,22.24,68.97,66.42,40,0,18.5
332,Ushtobe,KZ,2020-12-30 00:01:47,45.25,77.98,8.46,95,97,2.48
333,Yanliang,CN,2020-12-29 23:57:19,34.66,109.23,25.0,66,0,6.71
334,Banes,CU,2020-12-30 00:01:47,20.96,-75.72,73.4,60,20,11.41
335,Newport,GB,2020-12-29 23:59:32,51.59,-3.0,41.0,93,13,11.05
336,Camacha,PT,2020-12-30 00:01:48,33.08,-16.33,59.0,67,40,12.75
337,Shubarkuduk,KZ,2020-12-30 00:01:48,49.14,56.49,4.19,92,0,6.26
338,Mildura,AU,2020-12-29 23:58:08,-34.2,142.15,75.99,40,100,10.29
339,Kota Belud,MY,2020-12-30 00:01:48,6.35,116.43,75.2,100,20,2.24
340,Morros,BR,2020-12-30 00:01:49,-9.45,-46.3,78.55,50,21,1.72
341,Kieta,PG,2020-12-30 00:01:49,-6.22,155.63,83.16,71,100,3.78
342,Aksu,CN,2020-12-30 00:01:49,41.12,80.26,14.22,91,0,3.67
343,Mhlambanyatsi,SZ,2020-12-30 00:01:49,-26.45,31.02,65.26,85,0,2.33
344,Port Moresby,PG,2020-12-30 00:01:50,-9.44,147.18,82.4,78,20,11.41
345,Jizan,SA,2020-12-30 00:01:50,17.33,42.67,75.2,78,0,3.36
346,Hualmay,PE,2020-12-30 00:01:50,-11.1,-77.61,70.41,85,97,9.53
347,San Quintin,MX,2020-12-30 00:01:50,30.48,-115.95,58.78,67,11,12.73
348,Norfolk,US,2020-12-30 00:01:51,42.17,-71.25,28.0,32,6,12.75
349,Matias Romero,MX,2020-12-30 00:01:51,16.88,-95.03,67.26,85,9,6.8
350,Newcastle,AU,2020-12-30 00:01:08,-32.93,151.78,75.2,78,90,10.29
351,Caravelas,BR,2020-12-30 00:01:51,-17.71,-39.25,74.37,87,0,4.5
352,Harper,LR,2020-12-30 00:01:52,4.38,-7.72,78.98,85,45,7.56
353,Namatanai,PG,2020-12-30 00:01:52,-3.67,152.43,83.88,67,90,2.15
354,Khatra,IN,2020-12-30 00:00:26,22.98,86.85,58.3,48,0,4.99
355,Bengkulu,ID,2020-12-30 00:01:52,-3.8,102.27,76.73,75,97,4.52
356,Lusambo,CD,2020-12-30 00:01:52,-4.97,23.45,71.02,95,100,1.79
357,Ivdel,RU,2020-12-30 00:01:53,60.69,60.42,-14.33,88,92,2.21
358,Chernyshevskiy,RU,2020-12-30 00:01:53,63.01,112.47,-10.1,90,100,6.73
359,Tocopilla,CL,2020-12-30 00:01:53,-22.09,-70.2,69.96,67,37,4.12
360,Roald,NO,2020-12-30 00:01:53,62.58,6.13,37.0,65,94,2.24
361,Rio Grande,BR,2020-12-30 00:01:54,-32.03,-52.1,75.0,88,2,1.99
362,Bela,IN,2020-12-30 00:01:54,25.93,81.98,50.63,52,0,5.03
363,Makiyivka,UA,2020-12-30 00:01:54,48.05,37.93,30.47,99,94,9.89
364,Bambey,SN,2020-12-30 00:01:54,14.7,-16.45,78.8,57,69,4.7
365,Severobaykalsk,RU,2020-12-30 00:01:55,55.65,109.32,-5.69,82,19,3.62
366,Rawson,AR,2020-12-30 00:01:55,-43.3,-65.1,80.6,34,40,28.86
367,Carndonagh,IE,2020-12-30 00:01:55,55.25,-7.27,36.57,81,100,7.07
368,Zhangzhou,CN,2020-12-30 00:01:55,24.51,117.66,57.2,82,90,11.18
369,Black Diamond,US,2020-12-29 23:57:51,47.31,-122.0,39.99,96,100,0.51
370,Phan Thiet,VN,2020-12-30 00:01:56,10.93,108.1,74.68,82,99,3.49
371,Bhandara,IN,2020-12-30 00:01:56,21.17,79.65,59.0,82,45,6.76
372,Middle Island,US,2020-12-30 00:01:56,40.88,-72.94,32.0,56,63,1.99
373,Los Llanos De Aridane,ES,2020-12-29 23:59:03,28.66,-17.92,62.6,82,20,8.05
374,Zaranj,AF,2020-12-30 00:01:57,30.97,61.88,32.97,66,12,3.09
375,Srednekolymsk,RU,2020-12-30 00:01:57,67.45,153.68,-39.96,81,65,2.35
376,Muriti,TZ,2020-12-30 00:01:57,-1.98,32.92,74.59,72,99,8.41
377,Farafangana,MG,2020-12-30 00:01:57,-22.82,47.83,75.81,87,60,10.63
378,Zhigansk,RU,2020-12-30 00:01:58,66.77,123.37,-5.51,89,89,22.93
379,Sisimiut,GL,2020-12-30 00:01:58,66.94,-53.67,24.13,88,100,18.86
380,Hobyo,SO,2020-12-30 00:01:58,5.35,48.53,78.84,79,41,21.09
381,Narsaq,GL,2020-12-30 00:01:58,60.92,-46.05,21.2,62,98,4.7
382,Milicz,PL,2020-12-30 00:01:59,51.53,17.27,35.01,87,21,5.64
383,Margate,GB,2020-12-30 00:01:59,51.38,1.39,39.99,85,70,4.0
384,Iqaluit,CA,2020-12-30 00:01:59,63.75,-68.51,5.0,84,90,16.11
385,Goderich,CA,2020-12-30 00:02:00,43.75,-81.72,23.0,67,94,3.36
386,Carutapera,BR,2020-12-30 00:02:00,-1.2,-46.02,78.6,81,49,6.93
387,Garango,BF,2020-12-30 00:02:00,11.8,-0.55,70.18,22,1,8.34
388,Poronaysk,RU,2020-12-30 00:02:01,49.22,143.12,-5.87,84,43,10.2
389,Flin Flon,CA,2020-12-30 00:02:01,54.77,-101.86,17.6,85,75,3.36
390,Pandan,PH,2020-12-30 00:02:01,14.05,124.17,81.63,83,71,4.63
391,Hirata,JP,2020-12-30 00:02:02,35.43,132.82,44.6,87,75,16.11
392,Kihei,US,2020-12-29 23:58:17,20.79,-156.47,87.8,48,20,13.87
393,Dunedin,NZ,2020-12-29 23:59:28,-45.87,170.5,58.64,76,100,3.13
394,Ust-Tsilma,RU,2020-12-30 00:02:02,65.44,52.15,-18.24,87,52,3.69
395,Esperance,AU,2020-12-30 00:02:03,-33.87,121.9,68.0,60,27,14.99
396,Stornoway,GB,2020-12-29 23:58:44,58.21,-6.39,34.0,86,30,6.93
397,Sinnamary,GF,2020-12-30 00:02:03,5.38,-52.95,77.99,86,49,7.14
398,Ivanava,BY,2020-12-30 00:02:03,52.15,25.54,39.13,82,3,12.93
399,Chiang Klang,TH,2020-12-30 00:02:04,19.29,100.86,55.4,100,0,1.12
400,Belmonte,BR,2020-12-30 00:02:04,-15.86,-38.88,77.0,73,75,8.05
401,Tyrma,RU,2020-12-30 00:02:04,50.08,132.17,-22.45,81,69,1.54
402,Kenai,US,2020-12-30 00:02:05,60.55,-151.26,32.0,80,1,17.22
403,Lebu,CL,2020-12-30 00:02:05,-37.62,-73.65,58.17,79,12,10.85
404,Cabedelo,BR,2020-12-30 00:02:05,-6.98,-34.83,78.8,78,0,13.87
405,Kisanga,TZ,2020-12-30 00:02:05,-7.44,37.7,73.69,90,86,2.53
406,Naze,JP,2020-12-30 00:02:06,28.37,129.48,62.6,87,75,21.92
407,Lasa,IT,2020-12-30 00:02:06,46.62,10.7,30.0,92,75,1.01
408,Alekseyevka,RU,2020-12-30 00:02:06,50.63,38.69,32.58,96,99,12.8
409,Yavaros,MX,2020-12-30 00:02:06,26.7,-109.52,70.0,50,0,3.0
410,Tiarei,PF,2020-12-30 00:02:07,-17.53,-149.33,84.2,66,40,6.93
411,Vinukonda,IN,2020-12-30 00:02:07,16.05,79.75,65.55,93,0,3.06
412,Chumphon,TH,2020-12-30 00:02:07,10.33,98.83,73.4,94,40,1.57
413,Avera,US,2020-12-30 00:02:08,33.19,-82.53,53.6,71,1,5.82
414,Axim,GH,2020-12-30 00:02:08,4.87,-2.24,79.7,85,45,8.08
415,Preobrazheniye,RU,2020-12-30 00:02:08,42.9,133.91,0.82,77,11,10.18
416,Kudahuvadhoo,MV,2020-12-30 00:02:08,2.67,72.89,82.22,73,47,7.07
417,Port-Gentil,GA,2020-12-30 00:02:09,-0.72,8.78,78.8,94,20,5.82
418,Lewisville,US,2020-12-30 00:02:09,33.05,-96.99,68.0,60,90,14.99
419,Glenwood Springs,US,2020-12-30 00:02:09,39.55,-107.32,28.4,78,90,5.82
420,Sambava,MG,2020-12-30 00:02:09,-14.27,50.17,76.71,86,100,9.1
421,Vila,PT,2020-12-30 00:02:09,42.03,-8.16,37.0,88,47,2.82
422,Bambous Virieux,MU,2020-12-30 00:02:10,-20.34,57.76,77.0,78,40,11.41
423,Paamiut,GL,2020-12-30 00:02:10,61.99,-49.67,30.85,95,100,26.02
424,Arlit,NE,2020-12-30 00:02:10,18.74,7.39,64.85,24,12,6.33
425,Bonthe,SL,2020-12-30 00:02:10,7.53,-12.51,78.71,82,2,4.99
426,Vyborg,RU,2020-12-29 23:58:15,60.71,28.75,28.0,94,100,5.01
427,Colares,PT,2020-12-30 00:02:11,38.8,-9.45,48.99,93,20,3.36
428,Vestmannaeyjar,IS,2020-12-29 23:57:29,63.44,-20.27,32.47,90,100,14.85
429,Longyan,CN,2020-12-30 00:02:12,25.11,117.02,44.19,69,46,6.26
430,Vuktyl,RU,2020-12-30 00:02:12,63.86,57.31,-17.93,88,98,4.81
431,Ishigaki,JP,2020-12-30 00:02:12,24.34,124.16,59.0,87,75,27.51
432,Hargeysa,SO,2020-12-30 00:02:13,9.56,44.06,61.2,90,45,14.85
433,Claresholm,CA,2020-12-30 00:02:13,50.03,-113.59,17.6,61,30,5.37
434,Vanderhoof,CA,2020-12-30 00:00:15,54.02,-124.02,19.87,96,100,2.3
435,Tautira,PF,2020-12-30 00:02:14,-17.73,-149.15,84.2,66,40,6.93
436,Krasnoarmeysk,RU,2020-12-30 00:02:14,51.02,45.7,6.03,96,100,6.51
437,Costestii Din Vale,RO,2020-12-30 00:02:14,44.65,25.48,46.0,100,65,3.02
438,Bulaevo,KZ,2020-12-30 00:02:15,54.91,70.44,-22.34,86,61,9.48
439,Hohhot,CN,2020-12-30 00:01:57,40.81,111.65,-7.6,48,0,8.95
440,Srandakan,ID,2020-12-30 00:00:59,-7.94,110.25,76.37,89,100,5.59
441,Alexandria,EG,2020-12-30 00:02:15,31.22,29.96,57.2,87,0,2.24
442,Rongai,KE,2020-12-30 00:02:15,-0.17,35.86,55.18,80,63,0.58
443,Yumen,CN,2020-12-30 00:02:16,40.28,97.2,1.08,78,0,15.52
444,Kankan,GN,2020-12-30 00:02:16,10.39,-9.31,72.01,28,0,4.38
445,Maxixe,MZ,2020-12-30 00:02:16,-23.86,35.35,79.63,88,81,10.25
446,Darab,IR,2020-12-30 00:02:17,28.75,54.54,50.52,47,100,1.81
447,Upernavik,GL,2020-12-30 00:02:17,72.79,-56.15,15.42,81,23,8.7
448,Taoudenni,ML,2020-12-30 00:02:17,22.68,-3.98,70.3,34,36,5.17
449,Mangrol,IN,2020-12-30 00:02:17,21.12,70.12,59.34,42,14,15.08
450,Raton,US,2020-12-30 00:02:18,36.9,-104.44,44.6,19,1,12.75
451,New Waterford,US,2020-12-30 00:02:18,40.85,-80.61,27.0,63,94,3.24
452,Havelock,US,2020-12-30 00:02:18,34.88,-76.9,44.6,70,1,8.05
453,Simbahan,PH,2020-12-30 00:02:18,6.3,120.58,82.65,81,89,8.5
454,Yar-Sale,RU,2020-12-30 00:02:18,66.83,70.83,-12.82,89,97,7.07
455,Werda,BW,2020-12-30 00:02:19,-25.27,23.28,79.2,52,40,1.34
456,Kualakapuas,ID,2020-12-30 00:02:19,-3.01,114.39,77.0,94,75,3.36
457,Acajutla,SV,2020-12-30 00:02:19,13.59,-89.83,80.6,44,0,4.7
458,Codrington,AU,2020-12-30 00:02:07,-38.27,141.97,64.42,67,100,8.37
459,Jinchang,CN,2020-12-30 00:02:20,38.5,102.17,5.68,81,4,4.59
460,Angoche,MZ,2020-12-30 00:02:20,-16.23,39.91,77.59,84,100,4.07
461,Road Town,VG,2020-12-30 00:01:54,18.42,-64.62,79.0,78,40,13.87
462,Manado,ID,2020-12-30 00:02:20,1.49,124.85,77.0,94,40,1.12
463,Luorong,CN,2020-12-30 00:01:53,24.41,109.61,42.49,59,100,23.87
464,Wahiawa,US,2020-12-30 00:02:21,21.5,-158.02,82.4,73,90,3.36
465,Panama City,PA,2020-12-30 00:00:03,8.99,-79.52,80.6,88,40,6.93
466,Fortuna,US,2020-12-30 00:02:21,40.6,-124.16,53.01,71,1,11.41
467,Mezen,RU,2020-12-30 00:02:21,65.85,44.24,7.02,92,85,8.16
468,Saint-Pierre,RE,2020-12-30 00:02:22,-21.34,55.48,75.2,73,0,13.87
469,Vysokogornyy,RU,2020-12-30 00:02:22,50.12,139.15,-26.86,83,63,2.24
470,Manturovo,RU,2020-12-30 00:02:22,58.34,44.76,0.07,93,77,7.43
471,Yinchuan,CN,2020-12-30 00:01:09,38.47,106.27,2.53,63,0,3.42
472,Logansport,US,2020-12-30 00:02:23,40.75,-86.36,32.0,87,90,9.17
473,Krasnyy Chikoy,RU,2020-12-30 00:02:23,50.36,108.75,-20.69,82,98,3.83
474,Gazli,UZ,2020-12-30 00:02:23,40.13,63.45,27.28,95,0,9.06
475,Namwala,ZM,2020-12-30 00:02:24,-15.75,26.44,68.45,95,100,0.6
476,Talnakh,RU,2020-12-30 00:02:24,69.49,88.4,-11.2,76,0,6.71
477,Celestun,MX,2020-12-30 00:02:24,20.87,-90.4,75.36,72,2,11.95
478,Igrim,RU,2020-12-30 00:02:24,63.19,64.42,-12.46,89,100,5.77
479,College,US,2020-12-30 00:02:25,64.86,-147.8,14.0,70,20,3.06
480,Treinta Y Tres,UY,2020-12-30 00:02:25,-33.23,-54.38,73.69,63,1,10.94
481,Itoman,JP,2020-12-30 00:02:25,26.12,127.67,60.8,82,75,40.26
482,Gizo,SB,2020-12-30 00:02:25,-8.1,156.84,80.76,81,92,11.65
483,Manaure,CO,2020-12-30 00:02:26,11.78,-72.44,78.76,73,49,15.41
484,Port Lincoln,AU,2020-12-30 00:02:26,-34.73,135.87,65.43,72,84,11.56
485,Santa Isabel Do Rio Negro,BR,2020-12-30 00:02:26,-0.41,-65.02,72.55,98,100,1.32
486,Rennes,FR,2020-12-30 00:02:26,48.17,-1.67,37.99,93,40,6.93
487,George,ZA,2020-12-30 00:02:27,-33.96,22.46,64.4,77,29,2.24
488,Beisfjord,NO,2020-12-30 00:02:27,68.38,17.6,37.4,59,36,20.8
489,Faya,SA,2020-12-30 00:02:27,18.39,42.45,53.6,71,0,3.8
490,Miraflores,MX,2020-12-30 00:02:17,19.22,-98.81,69.8,9,5,6.93
491,Iquique,CL,2020-12-30 00:02:02,-20.22,-70.14,71.6,60,0,20.8
492,Tucuman,AR,2020-12-30 00:01:57,-26.82,-65.22,87.8,58,20,4.7
493,Boundiali,CI,2020-12-30 00:02:28,9.52,-6.49,70.45,22,1,3.67
494,Trairi,BR,2020-12-29 23:58:01,-3.28,-39.27,80.1,77,15,12.35
495,Elat,IL,2020-12-30 00:01:21,29.56,34.95,57.2,67,0,6.93
496,Komsomolskiy,UZ,2020-12-30 00:02:29,40.43,71.72,28.4,86,0,0.49
497,Urla,TR,2020-12-30 00:02:29,38.32,26.76,55.4,100,40,10.38
498,Roma,US,2020-12-29 23:57:48,43.21,-75.46,21.2,67,90,3.36
499,Huaral,PE,2020-12-30 00:02:29,-11.49,-77.21,69.8,88,90,13.87
500,Singaparna,ID,2020-12-30 00:02:30,-7.35,108.11,72.77,88,100,0.36
501,Sabinopolis,BR,2020-12-30 00:02:30,-18.67,-43.08,66.18,95,17,4.61
502,Hokitika,NZ,2020-12-30 00:02:30,-42.72,170.97,62.11,68,97,5.99
503,Barcelos,PT,2020-12-30 00:02:30,41.54,-8.62,39.2,93,20,3.09
504,Mogadishu,SO,2020-12-29 23:59:03,2.04,45.34,79.11,82,48,19.04
505,Dali,CN,2020-12-29 23:59:03,25.7,100.18,36.9,78,0,2.28
506,Sabang,ID,2020-12-30 00:02:31,5.89,95.32,81.48,79,56,13.67
507,Murgab,TM,2020-12-30 00:02:31,37.5,61.97,19.4,92,0,9.17
508,Ndende,GA,2020-12-30 00:02:32,-2.4,11.36,73.44,95,100,1.86
509,Worthington,US,2020-12-30 00:02:32,40.09,-83.02,34.0,47,90,9.17
510,Bandarbeyla,SO,2020-12-30 00:02:32,9.49,50.81,73.4,80,61,20.58
511,Ivanjica,RS,2020-12-30 00:02:32,43.58,20.23,51.8,81,0,11.41
512,Hvolsvollur,IS,2020-12-30 00:02:32,63.75,-20.22,24.01,94,99,5.01
513,Kununurra,AU,2020-12-30 00:02:33,-15.77,128.73,84.2,83,40,4.7
514,Port Saint Lucie,US,2020-12-30 00:00:17,27.29,-80.35,71.6,56,40,16.11
515,Morro Bay,US,2020-12-30 00:00:48,35.37,-120.85,61.0,59,0,1.01
516,Bururi,BI,2020-12-30 00:02:33,-3.85,29.63,56.82,97,100,1.88
517,Saint-Joseph,RE,2020-12-30 00:02:34,-21.37,55.62,75.2,73,0,13.87
518,Grand Gaube,MU,2020-12-30 00:02:34,-20.01,57.66,75.99,81,4,3.0
519,Elk River,US,2020-12-29 23:59:24,45.3,-93.57,21.0,89,100,1.01
520,Kattivakkam,IN,2020-12-30 00:02:34,13.22,80.32,78.8,83,75,2.24
521,Kaduna,NG,2020-12-30 00:02:35,10.52,7.44,69.49,26,89,7.36
522,Gasa,PS,2020-12-30 00:02:35,31.5,34.47,55.0,55,0,1.01
523,Sorland,NO,2020-12-30 00:02:35,67.67,12.69,39.15,73,100,18.45
524,Teshie,GH,2020-12-30 00:02:35,5.58,-0.11,82.4,88,20,8.05
525,Nhamunda,BR,2020-12-30 00:01:33,-2.19,-56.71,74.52,95,100,1.45
526,Mukdahan,TH,2020-12-30 00:02:36,16.58,104.5,68.05,70,4,13.38
527,Mulchen,CL,2020-12-30 00:02:36,-37.72,-72.23,61.11,54,31,6.85
528,San Clemente,US,2020-12-30 00:00:55,33.43,-117.61,64.0,38,0,1.99
529,Laguna,US,2020-12-30 00:01:17,38.42,-121.42,59.0,33,1,8.05
530,Clarksburg,US,2020-12-30 00:02:27,39.28,-80.34,30.2,46,1,4.03
531,Atherton,GB,2020-12-30 00:02:37,53.52,-2.49,33.01,85,0,1.99
532,Lumphat,KH,2020-12-30 00:02:37,13.49,106.98,67.78,77,45,4.29
533,Waddan,LY,2020-12-30 00:02:37,29.16,16.14,55.72,37,0,7.52
534,Preili,LV,2020-12-30 00:02:38,56.29,26.72,36.21,83,100,16.37
535,Kloulklubed,PW,2020-12-30 00:02:38,7.04,134.26,84.2,79,75,10.29
536,Schwechat,AT,2020-12-30 00:02:38,48.13,16.47,41.0,86,0,13.87
537,Urusha,RU,2020-12-30 00:02:38,54.05,122.9,-13.77,84,99,5.68
538,Tsiroanomandidy,MG,2020-12-30 00:02:38,-18.77,46.03,67.26,89,83,4.68
539,Bubaque,GW,2020-12-30 00:02:39,11.28,-15.83,81.12,74,0,7.11
540,Fairbanks,US,2020-12-30 00:00:02,64.84,-147.72,15.01,84,1,2.89
541,Belaya,UA,2020-12-30 00:02:39,49.03,25.77,39.0,75,0,3.0
542,Basqal,AZ,2020-12-30 00:02:40,40.76,48.39,28.4,92,21,2.24
543,Muros,ES,2020-12-30 00:02:40,42.78,-9.06,39.0,96,32,12.06
544,Mangai,CD,2020-12-30 00:02:40,-4.05,19.53,70.43,94,100,0.94
545,Heiloo,NL,2020-12-30 00:00:13,52.6,4.7,37.99,95,100,8.46
546,Lieksa,FI,2020-12-30 00:02:41,63.32,30.02,26.4,96,100,12.97
547,Launceston,AU,2020-12-30 00:02:41,-41.45,147.17,68.0,63,75,5.82
548,Rio Cauto,CU,2020-12-30 00:02:41,20.56,-76.92,73.4,60,20,11.41
549,Ancud,CL,2020-12-30 00:02:42,-41.87,-73.82,54.0,62,75,8.05
550,Valparaiso,CL,2020-12-29 23:59:33,-33.04,-71.63,69.8,68,0,21.92
551,Linhares,BR,2020-12-30 00:01:25,-19.39,-40.07,72.5,91,63,3.22
552,Alekseyevskoye,RU,2020-12-30 00:02:42,55.31,50.11,6.8,84,90,8.95
553,Ajdabiya,LY,2020-12-30 00:02:43,30.76,20.23,55.62,53,0,11.45
554,Zhoucheng,CN,2020-12-30 00:02:43,35.91,116.31,11.97,62,0,6.26
555,Mutsu,JP,2020-12-30 00:02:43,41.29,141.22,28.0,73,75,2.24
556,Korem,ET,2020-12-30 00:02:43,12.51,39.52,48.94,94,8,1.1
557,Nouakchott,MR,2020-12-30 00:02:44,18.09,-15.98,68.0,82,0,11.41
558,Abonnema,NG,2020-12-30 00:02:44,4.71,6.79,78.8,88,75,5.21
559,Ostersund,SE,2020-12-30 00:02:44,63.18,14.64,30.2,100,100,9.17
560,Itaituba,BR,2020-12-30 00:02:44,-4.28,-55.98,73.15,97,100,0.22
561,Totness,SR,2020-12-30 00:02:44,5.88,-56.32,78.03,88,50,10.11
562,Nemuro,JP,2020-12-30 00:02:45,43.32,145.57,19.4,79,75,3.36
563,Dauriya,RU,2020-12-30 00:02:45,49.93,116.87,-11.58,84,15,19.04
564,Great Yarmouth,GB,2020-12-30 00:02:45,52.61,1.73,37.99,93,74,11.41
565,Pimentel,PE,2020-12-30 00:02:46,-6.84,-79.93,73.4,69,0,24.16
566,Torbat-E Jam,IR,2020-12-30 00:02:46,35.24,60.62,30.15,68,23,6.2
567,Herat,AF,2020-12-30 00:02:46,34.5,62.0,30.67,66,0,2.39
568,Athabasca,CA,2020-12-30 00:02:35,54.72,-113.29,15.8,78,32,3.36
569,Namtsy,RU,2020-12-30 00:02:47,62.72,129.67,-50.8,56,90,1.7
570,Luderitz,NA,2020-12-30 00:02:47,-26.65,15.16,62.6,77,38,12.75
571,Anadyr,RU,2020-12-30 00:02:47,64.75,177.48,15.8,92,75,13.22
572,Ciudad Bolivar,VE,2020-12-30 00:02:48,8.12,-63.55,81.81,69,91,11.03
573,Korla,CN,2020-12-30 00:02:48,41.76,86.15,15.49,88,6,2.3
574,Westport,US,2020-12-30 00:02:48,41.14,-73.36,32.0,61,43,6.62
575,Shadegan,IR,2020-12-30 00:02:49,30.65,48.66,53.6,62,0,4.7
576,San Patricio,US,2020-12-30 00:02:49,28.02,-97.52,73.4,73,20,25.28
577,Mizusawa,JP,2020-12-30 00:02:49,39.13,141.13,30.2,92,75,18.34
578,Yerbogachen,RU,2020-12-30 00:02:49,61.28,108.01,-25.06,83,19,6.11
579,Rabat,MA,2020-12-29 23:59:58,33.99,-6.84,53.6,100,75,6.38
580,Nyurba,RU,2020-12-30 00:02:50,63.28,118.33,-4.9,90,100,9.78
581,Doha,QA,2020-12-30 00:00:31,25.29,51.53,64.99,82,0,9.17
582,Coihaique,CL,2020-12-30 00:02:50,-45.58,-72.07,55.4,47,20,9.17
583,Rocha,UY,2020-12-30 00:02:51,-34.48,-54.33,68.74,78,17,7.74
584,Sakaiminato,JP,2020-12-30 00:02:51,35.55,133.23,44.6,93,90,16.11
585,Iskateley,RU,2020-12-30 00:02:51,67.68,53.15,-24.65,84,10,6.87
586,Garowe,SO,2020-12-30 00:02:52,8.41,48.48,70.2,71,8,13.91
587,Moussoro,TD,2020-12-30 00:02:52,13.64,16.49,70.63,22,7,8.43
588,Port Blair,IN,2020-12-30 00:02:52,11.67,92.75,77.9,85,7,9.98
589,Cap Malheureux,MU,2020-12-30 00:02:52,-19.98,57.61,75.99,81,3,3.0
